query,method,total_time,execution_time,hashjoin_time
1,DF-Bin,,0.001469,0.001130559
2,DF-Bin,,0.14229999999999998,0.13871819399999996
3,DF-Bin,,0.0263755,0.021823844
4,DF-Bin,,0.024219,0.0188981035
5,DF-Bin,,0.08981900000000001,0.08566559600000001
6,DF-Bin,,0.008455500000000001,0.006329246000000001
7,DF-Bin,,0.012788,0.009865777500000002
8,DF-Bin,,0.011637999999999999,0.007585869500000001
9,DF-Bin,,0.016663499999999998,0.014716091999999997
10,DF-Bin,,0.032984,0.028716894
11,DF-Bin,,0.0108815,0.006588413000000001
12,DF-Bin,,0.016451,0.0122552075
13,DF-Bin,,0.0105475,0.006016304999999998
14,DF-Bin,,0.0072440000000000004,0.002117290000000001
15,DF-Bin,,0.1337835,0.1276104955
16,DF-Bin,,0.0095735,0.006102345
17,DF-Bin,,0.005372999999999999,0.0025853129999999997
18,DF-Bin,,0.008397,0.003672728
19,DF-Bin,,0.003082,0.0015291395000000003
20,DF-Bin,,0.011227999999999998,0.006585060999999999
21,DF-Bin,,0.0116075,0.0075717925
22,DF-Bin,,0.0319055,0.029349642000000002
23,DF-Bin,,0.0057339999999999995,0.003898292
24,DF-Bin,,0.002959,0.0009542779999999998
25,DF-Bin,,0.0132345,0.006361785
26,DF-Bin,,0.007148,0.0037170874999999997
27,DF-Bin,,0.017493,0.009703446000000004
28,DF-Bin,,0.7727984999999999,0.7673155919999999
29,DF-Bin,,0.016971,0.012561076499999997
30,DF-Bin,,2.8792555,2.8590713535
31,DF-Bin,,0.063348,0.058293282499999995
32,DF-Bin,,0.25839500000000004,0.24447273000000003
33,DF-Bin,,0.009232,0.002667562500000001
34,DF-Bin,,7.2539075,7.2162884395
35,DF-Bin,,0.0382925,0.03274566400000001
36,DF-Bin,,0.008084000000000001,0.0032229055
37,DF-Bin,,0.026473999999999998,0.021037567999999996
38,DF-Bin,,3.387806,3.3710746389999997
39,DF-Bin,,0.035504499999999994,0.025764795999999996
40,DF-Bin,,0.0057585,0.0023005344999999996
41,DF-Bin,,0.004505,0.001188094
42,DF-Bin,,0.026458,0.023204337499999998
43,DF-Bin,,0.11007700000000001,0.10527180300000001
44,DF-Bin,,0.033935,0.026484456500000003
45,DF-Bin,,0.007623,0.0017744249999999998
46,DF-Bin,,0.019035,0.009665278500000003
47,DF-Bin,,0.7871785,0.7729242795
48,DF-Bin,,0.0087115,0.002482501500000001
49,DF-Bin,,0.9744820000000001,0.9658119930000001
50,DF-Bin,,0.00592,0.0012732009999999998
51,DF-Bin,,1.477989,1.4567367045000004
52,DF-Bin,,3.0568125,3.0273253885
53,DF-Bin,,0.016155999999999997,0.012228829499999996
54,DF-Bin,,0.0041624999999999995,0.0016050679999999992
55,DF-Bin,,0.0063999999999999994,0.0021083889999999996
56,DF-Bin,,0.2231485,0.21788742900000002
57,DF-Bin,,0.004999,0.0013956575000000004
59,DF-Bin,,1.4196895,1.3992125229999999
60,DF-Bin,,0.156359,0.15048944
61,DF-Bin,,0.021811499999999998,0.0135080885
62,DF-Bin,,0.008186,0.0036441645000000007
63,DF-Bin,,0.009420499999999998,0.003164783499999997
64,DF-Bin,,0.019242000000000002,0.0095490395
65,DF-Bin,,0.016237,0.007100469000000003
66,DF-Bin,,0.0177435,0.007166289499999999
67,DF-Bin,,0.011356,0.0024532654999999993
68,DF-Bin,,21.150082,21.043259279000004
69,DF-Bin,,2.1012969999999997,2.0768752064999996
70,DF-Bin,,1.6391065,1.6160063875000001
71,DF-Bin,,1.0662445,1.0509715554999999
72,DF-Bin,,0.028700499999999997,0.021995908999999998
73,DF-Bin,,0.0331675,0.023889526500000004
74,DF-Bin,,0.712209,0.6975534775
75,DF-Bin,,0.090146,0.0809310585
76,DF-Bin,,0.0253595,0.018048972499999996
77,DF-Bin,,0.10373399999999999,0.09644363499999999
78,DF-Bin,,0.0119025,0.007916824499999999
79,DF-Bin,,0.051487000000000005,0.0448267185
80,DF-Bin,,0.024046,0.018819959
81,DF-Bin,,0.0154125,0.012063472000000002
82,DF-Bin,,0.024424500000000002,0.018548067
83,DF-Bin,,0.0267765,0.022646726
84,DF-Bin,,0.115087,0.10810571949999999
85,DF-Bin,,0.11744950000000001,0.11280084750000001
86,DF-Bin,,0.0143895,0.0109452945
87,DF-Bin,,0.0147925,0.011783055499999999
88,DF-Bin,,0.134338,0.128097402
89,DF-Bin,,0.021093,0.018342217
90,DF-Bin,,0.0142475,0.009290906500000001
91,DF-Bin,,0.054314,0.0489072975
92,DF-Bin,,0.0076895,0.005291801
93,DF-Bin,,0.026387,0.023478777500000006
94,DF-Bin,,0.017182,0.0152412825
95,DF-Bin,,0.07941100000000001,0.07637869750000001
96,DF-Bin,,0.096893,0.086905432
97,DF-Bin,,0.7898195,0.7775549955000001
98,DF-Bin,,0.5046759999999999,0.49723171899999996
99,DF-Bin,,0.028841,0.0241387275
100,DF-Bin,,0.015874,0.011977591499999997
101,DF-Bin,,0.027051,0.020100329
102,DF-Bin,,0.058101,0.0536925685
103,DF-Bin,,0.0571335,0.053395251500000004
104,DF-Bin,,0.185887,0.176586678
105,DF-Bin,,2.4764195,2.4574604775000006
106,DF-Bin,,0.0251035,0.017675464500000005
107,DF-Bin,,6.581871,6.5381723229999995
108,DF-Bin,,7.2909045,7.249666092
109,DF-Bin,,0.021636500000000003,0.016581203000000003
110,DF-Bin,,0.020971,0.0164484265
111,DF-Bin,,0.042982,0.036636072500000005
112,DF-Bin,,0.0306475,0.026248265000000003
113,DF-Bin,,0.22413650000000002,0.21574913
114,DF-Bin,,0.279378,0.26868508699999993
115,DF-Bin,,0.5734785,0.5607876930000001
116,DF-Bin,,0.0175345,0.010207412499999999
117,DF-Bin,,0.019270500000000003,0.012156803500000002
118,DF-Bin,,0.023245500000000002,0.016868246000000003
119,DF-Bin,,0.0343025,0.0288943945
121,DF-Bin,,0.032974500000000004,0.023643021000000004
123,DF-Bin,,1.9465075,1.9213412845
124,DF-Bin,,0.068554,0.061435906000000005
125,DF-Bin,,0.0104795,0.004246936000000001
126,DF-Bin,,43.031063,42.6782975975
127,DF-Bin,,0.016120000000000002,0.008814363000000002
128,DF-Bin,,0.018881500000000002,0.009519818500000004
129,DF-Bin,,0.0238805,0.015319323499999999
130,DF-Bin,,0.0127045,0.005576661500000002
131,DF-Bin,,0.0921235,0.080357772
132,DF-Bin,,0.016043,0.006607797500000003
133,DF-Bin,,0.168568,0.1579836505
134,DF-Bin,,0.0125065,0.0036699435
135,DF-Bin,,29.596239,29.435748635999996
136,DF-Bin,,3.386536,3.3525684130000006
137,DF-Bin,,0.01013,0.004588334500000001
138,DF-Bin,,0.2202385,0.21380042350000003
139,DF-Bin,,0.092001,0.086823166
140,DF-Bin,,2.7746055,2.7411663305
141,DF-Bin,,5.7203345,5.6447213745
142,DF-Bin,,5.012924,4.965098863499999
143,DF-Bin,,3.9279975,3.8902308340000005
144,DF-Bin,,0.3355865,0.325982357
145,DF-Bin,,0.0184225,0.011213434500000003
146,DF-Bin,,0.035033499999999995,0.025247386999999996
1,SYA,,0.001255,0.0009269785
2,SYA,,0.0203805,0.0173481665
3,SYA,,0.008881,0.004408608499999999
4,SYA,,0.0104735,0.005203986000000001
5,SYA,,0.017128,0.013241163000000002
6,SYA,,0.0042275,0.0021187345000000003
7,SYA,,0.011058,0.008171495
8,SYA,,0.0103965,0.006419055500000001
9,SYA,,0.010712,0.008729288999999998
10,SYA,,0.0088595,0.004729384
11,SYA,,0.007999,0.0036132619999999986
12,SYA,,0.0101495,0.005982002000000001
13,SYA,,0.007991,0.0034161854999999993
14,SYA,,0.0073585,0.002128227
15,SYA,,0.0246475,0.019205251500000003
16,SYA,,0.0073555,0.003796278
17,SYA,,0.0052875000000000005,0.002521691500000001
18,SYA,,0.007872500000000001,0.0031741530000000007
19,SYA,,0.0027670000000000004,0.0012440250000000006
20,SYA,,0.010828500000000001,0.006253222500000001
21,SYA,,0.0089795,0.004671983499999999
22,SYA,,0.0092295,0.006603683999999999
23,SYA,,0.004149,0.0023447464999999997
24,SYA,,0.002946,0.0009400034999999998
25,SYA,,0.011013,0.004218874999999999
26,SYA,,0.0057175,0.002341179000000001
27,SYA,,0.012092499999999999,0.004258754999999998
28,SYA,,0.0695465,0.0657664
29,SYA,,0.0114325,0.007003675
30,SYA,,0.427234,0.4170735885
31,SYA,,0.0163845,0.0113455165
32,SYA,,0.045014,0.033749355
33,SYA,,0.009096,0.0025058110000000006
34,SYA,,1.0490655,1.033641404
35,SYA,,0.013322500000000001,0.0079288455
36,SYA,,0.0075745,0.0026913824999999997
37,SYA,,0.0124995,0.0073379975
38,SYA,,0.18098150000000002,0.16937625550000002
39,SYA,,0.017258000000000003,0.007450891000000003
40,SYA,,0.005237,0.0019388855
41,SYA,,0.004352,0.0010813384999999996
42,SYA,,0.0222445,0.019164308
43,SYA,,0.019384,0.015561462
44,SYA,,0.015356499999999999,0.007875182
45,SYA,,0.007279,0.0014577725000000004
46,SYA,,0.015096499999999999,0.005762075999999999
47,SYA,,0.11865500000000001,0.10879673900000002
48,SYA,,0.008782499999999999,0.0024838309999999984
49,SYA,,0.040653999999999996,0.033297696
50,SYA,,0.005953,0.0012903015000000004
51,SYA,,0.1697495,0.158350519
52,SYA,,0.42517499999999997,0.4103112705
53,SYA,,0.013632,0.009793396000000001
54,SYA,,0.004805,0.0021983695
55,SYA,,0.0063225,0.002060546499999999
56,SYA,,0.0956245,0.0919630775
57,SYA,,0.0051754999999999995,0.0015161604999999999
59,SYA,,0.47603850000000003,0.46312287
60,SYA,,0.068379,0.0641743995
61,SYA,,0.018866,0.010697851499999998
62,SYA,,0.008507500000000001,0.003923336000000002
63,SYA,,0.0087355,0.002481461999999999
64,SYA,,0.0199205,0.010114413000000001
65,SYA,,0.0137385,0.004709090000000001
66,SYA,,0.017001000000000002,0.006469667000000003
67,SYA,,0.011185,0.0023927985
68,SYA,,4.5065729999999995,4.447286628
69,SYA,,0.7827155,0.769031969
70,SYA,,0.32829549999999996,0.313638981
71,SYA,,0.2184885,0.20987545000000002
72,SYA,,0.0178805,0.011468622500000001
73,SYA,,0.022065,0.0127372045
74,SYA,,0.31361300000000003,0.306109725
75,SYA,,0.040923,0.032163550500000006
76,SYA,,0.020632,0.013194076500000002
77,SYA,,0.0321045,0.025603818
78,SYA,,0.010102,0.006063142
79,SYA,,0.028998000000000003,0.022794003500000003
80,SYA,,0.0111845,0.005899241499999999
81,SYA,,0.0075225,0.004087893999999999
82,SYA,,0.013783,0.0078543755
83,SYA,,0.012927,0.008659793999999998
84,SYA,,0.025095,0.018697822
85,SYA,,0.022157,0.018383424500000002
86,SYA,,0.013573,0.009959805500000002
87,SYA,,0.008424000000000001,0.005425131500000001
88,SYA,,0.024753499999999998,0.0193966115
89,SYA,,0.0097975,0.007105360000000001
90,SYA,,0.0101105,0.005146242999999999
91,SYA,,0.016562,0.011291526000000003
92,SYA,,0.0072675,0.0047365854999999995
93,SYA,,0.008438000000000001,0.005562364500000002
94,SYA,,0.0069335,0.004949763
95,SYA,,0.018777500000000003,0.016183724
96,SYA,,0.023953000000000002,0.014469101500000003
97,SYA,,0.1162385,0.10725130499999999
98,SYA,,0.0776675,0.07202592699999999
99,SYA,,0.010631999999999999,0.006038238999999998
100,SYA,,0.0147895,0.0107519715
101,SYA,,0.0197095,0.012856986000000003
102,SYA,,0.020941500000000002,0.0169714615
103,SYA,,0.0120255,0.0088449575
104,SYA,,0.0346405,0.0259801835
105,SYA,,0.3596415,0.3455646175
106,SYA,,0.0134885,0.005941447500000001
107,SYA,,1.027366,1.0052687285
108,SYA,,1.056981,1.0394693174999998
109,SYA,,0.0117065,0.0067540875
110,SYA,,0.011216,0.0070969615
111,SYA,,0.0152385,0.009157896999999998
112,SYA,,0.012704,0.008545679
113,SYA,,0.0407565,0.0344737575
114,SYA,,0.043175000000000005,0.034833258000000006
115,SYA,,0.08616299999999999,0.07858692349999997
116,SYA,,0.0115315,0.0042990875000000015
117,SYA,,0.018522999999999998,0.011313001999999999
118,SYA,,0.0212225,0.014560561999999997
119,SYA,,0.0118625,0.006638968500000001
121,SYA,,0.0152635,0.005817551
123,SYA,,0.284898,0.27031365599999996
124,SYA,,0.0189965,0.012647284499999998
125,SYA,,0.008958500000000001,0.0026537860000000017
126,SYA,,5.5982005,5.5333499845
127,SYA,,0.01347,0.006296326999999999
128,SYA,,0.015039,0.005755362499999998
129,SYA,,0.015625,0.007136086499999999
130,SYA,,0.0122545,0.0051055065
131,SYA,,0.020040000000000002,0.008932866500000003
132,SYA,,0.013854499999999999,0.0045097395
133,SYA,,0.0337035,0.025248697499999993
134,SYA,,0.0127565,0.003795395500000001
135,SYA,,3.8697714999999997,3.8239469279999994
136,SYA,,0.4615985,0.44497182799999996
137,SYA,,0.010471,0.0050336370000000005
138,SYA,,0.0948435,0.09051653250000001
139,SYA,,0.033009,0.028758095999999997
140,SYA,,0.8393014999999999,0.8221155909999999
141,SYA,,1.7886165,1.7593603360000003
142,SYA,,2.1384540000000003,2.1094916610000003
143,SYA,,0.633652,0.611338752
144,SYA,,0.0892055,0.08312895199999999
145,SYA,,0.015764,0.008656597499999997
146,SYA,,0.0399155,0.030202338499999995
1,DuckDB-Bin,0.0009465,0.0006315,0.0004805
10,DuckDB-Bin,0.109596,0.08833849999999999,0.0867375
100,DuckDB-Bin,0.0139265,0.01106,0.009395500000000001
101,DuckDB-Bin,0.030493,0.023279500000000005,0.020071000000000002
102,DuckDB-Bin,0.1104215,0.0858555,0.0831155
103,DuckDB-Bin,0.4322665,0.3907575000000001,0.38803400000000005
104,DuckDB-Bin,1.3990005,1.2569295000000003,1.2486585000000001
105,DuckDB-Bin,12.84468,11.693462,11.6545735
106,DuckDB-Bin,0.101822,0.086788,0.082336
107,DuckDB-Bin,57.463517499999995,51.775682,51.749297
108,DuckDB-Bin,66.30838,60.85248450000001,60.82676150000001
109,DuckDB-Bin,0.0910385,0.08152200000000001,0.077066
11,DuckDB-Bin,0.011021,0.0094315,0.007508000000000001
110,DuckDB-Bin,0.059849,0.052409500000000005,0.049871
111,DuckDB-Bin,0.2224565,0.19006250000000002,0.1853885
112,DuckDB-Bin,0.14856,0.1340835,0.130194
113,DuckDB-Bin,0.40222199999999997,0.36143149999999996,0.3557205
114,DuckDB-Bin,0.6310825,0.5719785,0.565811
115,DuckDB-Bin,0.602025,0.5357239999999999,0.5226559999999999
116,DuckDB-Bin,0.0743705,0.06692599999999999,0.064394
117,DuckDB-Bin,0.015436,0.013498999999999999,0.010437499999999999
118,DuckDB-Bin,0.0187675,0.015629499999999998,0.012027999999999999
119,DuckDB-Bin,0.061732499999999996,0.054923,0.052083500000000005
12,DuckDB-Bin,0.018286999999999998,0.016315,0.014841
121,DuckDB-Bin,0.0647535,0.0553955,0.051638
123,DuckDB-Bin,1.592243,1.461449,1.430324
124,DuckDB-Bin,0.1814945,0.16389349999999997,0.1585585
125,DuckDB-Bin,0.014940499999999999,0.0130645,0.0089295
126,DuckDB-Bin,218.90783399999998,201.980072,201.82093550000002
127,DuckDB-Bin,0.044576,0.040083499999999994,0.036115499999999995
128,DuckDB-Bin,0.0425895,0.038263000000000005,0.032744499999999996
129,DuckDB-Bin,0.0564415,0.05045000000000001,0.04613350000000001
13,DuckDB-Bin,0.016973500000000002,0.0148665,0.0129055
130,DuckDB-Bin,0.013135999999999998,0.0116165,0.0089995
131,DuckDB-Bin,0.37924250000000004,0.3055875,0.29373250000000006
132,DuckDB-Bin,0.0252795,0.0223105,0.016967500000000003
133,DuckDB-Bin,0.607163,0.558373,0.5529405000000001
134,DuckDB-Bin,0.009975,0.008757000000000001,0.005508
135,DuckDB-Bin,33.001681500000004,29.949509,29.377527999999998
136,DuckDB-Bin,7.5332335,6.937784,6.893126
137,DuckDB-Bin,0.011550000000000001,0.010115,0.0083705
138,DuckDB-Bin,1.3857435,1.292344,1.2899675
139,DuckDB-Bin,0.44524949999999996,0.3886575,0.385533
14,DuckDB-Bin,0.005515000000000001,0.004769000000000001,0.00272
140,DuckDB-Bin,13.6089565,11.739131,11.7248315
141,DuckDB-Bin,12.0024035,10.408593999999999,10.356593
142,DuckDB-Bin,8.008916,7.2617245,7.1971215
143,DuckDB-Bin,19.005802,16.4434465,16.4248585
144,DuckDB-Bin,0.5123964999999999,0.4127775,0.406124
145,DuckDB-Bin,0.046936,0.042258500000000004,0.036961999999999995
146,DuckDB-Bin,0.073504,0.0652435,0.0610355
15,DuckDB-Bin,0.186499,0.16856899999999997,0.16542249999999997
16,DuckDB-Bin,0.0086795,0.00721,0.0058709999999999995
17,DuckDB-Bin,0.0071675,0.006506,0.0053795
18,DuckDB-Bin,0.0066835,0.0060030000000000005,0.004139
19,DuckDB-Bin,0.003201,0.0026475000000000005,0.0020255000000000004
2,DuckDB-Bin,0.17912,0.16107499999999997,0.1587305
20,DuckDB-Bin,0.0041605,0.0033175,0.0021704999999999997
21,DuckDB-Bin,0.0060365,0.005072999999999999,0.002471
22,DuckDB-Bin,0.115358,0.103888,0.10254150000000001
23,DuckDB-Bin,0.009226,0.007629500000000001,0.0063625
24,DuckDB-Bin,0.0028640000000000002,0.0023145,0.001107
25,DuckDB-Bin,0.022510500000000003,0.020545,0.016125
26,DuckDB-Bin,0.0124805,0.010573500000000001,0.009471
27,DuckDB-Bin,0.022611,0.018017,0.013580499999999999
28,DuckDB-Bin,0.3399205,0.2482335,0.237957
29,DuckDB-Bin,0.022162,0.019068,0.015539
3,DuckDB-Bin,0.1191645,0.107446,0.105548
30,DuckDB-Bin,19.654757,18.340333000000005,18.324093000000005
31,DuckDB-Bin,0.4333005,0.39575199999999994,0.39013549999999997
32,DuckDB-Bin,2.2228589999999997,2.0289020000000004,2.0166215000000003
33,DuckDB-Bin,0.0070290000000000005,0.006288500000000001,0.002359
34,DuckDB-Bin,59.8054805,54.321380000000005,54.295836
35,DuckDB-Bin,0.24532549999999997,0.225594,0.2215625
36,DuckDB-Bin,0.0124525,0.010932999999999998,0.0074465
37,DuckDB-Bin,0.06959499999999999,0.061002,0.058169
38,DuckDB-Bin,19.532275,15.885135500000002,15.876788000000001
39,DuckDB-Bin,0.100401,0.0892415,0.085996
4,DuckDB-Bin,0.019324,0.017426,0.0156085
40,DuckDB-Bin,0.0051684999999999995,0.004394,0.003398
41,DuckDB-Bin,0.0026154999999999998,0.0021205,0.0010075000000000001
42,DuckDB-Bin,0.020956000000000002,0.016866,0.015193499999999999
43,DuckDB-Bin,0.332344,0.3011085,0.29762299999999997
44,DuckDB-Bin,0.1444975,0.13088149999999998,0.1279285
45,DuckDB-Bin,0.007469,0.0068155,0.0040865
46,DuckDB-Bin,0.0362045,0.032332,0.026924500000000004
47,DuckDB-Bin,2.5331580000000002,2.319783,2.3057570000000003
48,DuckDB-Bin,0.0051395,0.0043415,0.0021685
49,DuckDB-Bin,3.9130339999999997,2.8048020000000005,2.6882735
5,DuckDB-Bin,0.4462585,0.406639,0.4040525
50,DuckDB-Bin,0.0067685,0.0059915,0.0031355
51,DuckDB-Bin,3.5298435,3.2446634999999997,3.212348
52,DuckDB-Bin,7.2858075,6.7204525,6.68539
53,DuckDB-Bin,0.025736000000000002,0.022841,0.021144499999999997
54,DuckDB-Bin,0.0042255,0.0035405000000000002,0.0022155000000000005
55,DuckDB-Bin,0.0055035,0.004887500000000001,0.003504
56,DuckDB-Bin,1.4912580000000002,1.396866,1.3948394999999998
57,DuckDB-Bin,0.0061335,0.005292,0.003652
59,DuckDB-Bin,20.683647,19.197451,19.188132000000003
6,DuckDB-Bin,0.0099975,0.0085045,0.0074355
60,DuckDB-Bin,0.7381,0.6824475,0.6795659999999999
61,DuckDB-Bin,0.040374,0.035636,0.0308475
62,DuckDB-Bin,0.0209925,0.019071,0.0168145
63,DuckDB-Bin,0.013090000000000001,0.0114415,0.007426
64,DuckDB-Bin,0.0596495,0.054901500000000006,0.0491795
65,DuckDB-Bin,0.0223635,0.017821999999999998,0.0131875
66,DuckDB-Bin,0.021503500000000002,0.019036,0.0128745
67,DuckDB-Bin,0.0086145,0.007645,0.0032345
68,DuckDB-Bin,24.307583,21.819127,21.618775999999997
69,DuckDB-Bin,2.1388995,1.9588714999999999,1.9305620000000001
7,DuckDB-Bin,0.010042,0.009071,0.0079615
70,DuckDB-Bin,6.6418785,5.966114,5.954321
71,DuckDB-Bin,1.3673015,1.2529180000000002,1.238192
72,DuckDB-Bin,0.185973,0.16682550000000002,0.16427950000000002
73,DuckDB-Bin,0.0514565,0.046832000000000006,0.042952500000000005
74,DuckDB-Bin,1.8390810000000002,1.5803760000000002,1.5712255000000002
75,DuckDB-Bin,0.1591775,0.12494349999999999,0.12108949999999999
76,DuckDB-Bin,0.027156,0.022117,0.0179165
77,DuckDB-Bin,0.320668,0.27756250000000005,0.2732685
78,DuckDB-Bin,0.0560965,0.0514605,0.049251
79,DuckDB-Bin,0.140826,0.12280000000000002,0.11842950000000001
8,DuckDB-Bin,0.009294,0.00848,0.0069555
80,DuckDB-Bin,0.0212615,0.0191185,0.017393
81,DuckDB-Bin,0.056419,0.049834,0.04806150000000001
82,DuckDB-Bin,0.026168,0.023483999999999998,0.0215125
83,DuckDB-Bin,0.030286,0.027138999999999996,0.0253185
84,DuckDB-Bin,0.7596345,0.6909304999999999,0.686299
85,DuckDB-Bin,0.06990299999999999,0.0634435,0.0583865
86,DuckDB-Bin,0.0143175,0.012325500000000001,0.0109595
87,DuckDB-Bin,0.017202000000000002,0.014940499999999999,0.0139825
88,DuckDB-Bin,0.20014349999999997,0.18207649999999997,0.1791285
89,DuckDB-Bin,0.0210965,0.018426,0.0173935
9,DuckDB-Bin,0.0147355,0.0117655,0.010756
90,DuckDB-Bin,0.010623500000000001,0.0095895,0.0082445
91,DuckDB-Bin,0.059373499999999996,0.0540855,0.052239
92,DuckDB-Bin,0.0035815,0.0028695,0.0021715
93,DuckDB-Bin,0.12092349999999999,0.111005,0.1094755
94,DuckDB-Bin,0.0622405,0.0565015,0.055421
95,DuckDB-Bin,0.159192,0.124332,0.121216
96,DuckDB-Bin,0.242524,0.18991950000000002,0.18611300000000003
97,DuckDB-Bin,3.0415945,2.7731240000000006,2.7654515
98,DuckDB-Bin,0.867178,0.7888354999999998,0.776176
99,DuckDB-Bin,0.2356075,0.2165225,0.213275
1,Umbra-Default,0.02187555,0.00222625,
2,Umbra-Default,0.0691995,0.050874,
3,Umbra-Default,0.029784409999999997,0.00985491,
4,Umbra-Default,0.0307301,0.0118962,
5,Umbra-Default,0.053665,0.0337482,
6,Umbra-Default,0.0259285,0.0060348,
7,Umbra-Default,0.03417006,0.00668536,
8,Umbra-Default,0.02887319,0.00494499,
9,Umbra-Default,0.0418929,0.0154402,
10,Umbra-Default,0.03300283,0.00605653,
11,Umbra-Default,0.028473230000000002,0.00516733,
12,Umbra-Default,0.03673655,0.00909235,
13,Umbra-Default,0.0311121,0.0038072,
14,Umbra-Default,0.02707753,0.00103543,
15,Umbra-Default,0.07750660000000001,0.0509029,
16,Umbra-Default,0.03311289,0.00597979,
17,Umbra-Default,0.02763858,0.00146348,
18,Umbra-Default,0.02992136,0.00303246,
19,Umbra-Default,0.032124810000000004,0.00117921,
20,Umbra-Default,0.03584326,0.00795676,
21,Umbra-Default,0.030755849999999998,0.00332745,
22,Umbra-Default,0.03623184,0.00961914,
23,Umbra-Default,0.02841037,0.00254387,
24,Umbra-Default,0.02978603,0.00130223,
25,Umbra-Default,0.03906321,0.00428121,
26,Umbra-Default,0.035426479999999996,0.00190508,
27,Umbra-Default,0.03280889,0.00130169,
28,Umbra-Default,0.1285906,0.0974596,
29,Umbra-Default,0.043453290000000006,0.00876989,
30,Umbra-Default,0.5025721,0.470406,
31,Umbra-Default,0.06260160000000001,0.0235589,
32,Umbra-Default,0.0901524,0.059517,
33,Umbra-Default,0.037467110000000005,0.00227531,
34,Umbra-Default,1.1624601,1.11734,
35,Umbra-Default,0.0451482,0.0116012,
36,Umbra-Default,0.034201300000000004,0.0013536,
37,Umbra-Default,0.0420152,0.0101892,
38,Umbra-Default,0.43771920000000003,0.404345,
39,Umbra-Default,0.0799249,0.044857,
40,Umbra-Default,0.03633199,0.00176469,
41,Umbra-Default,0.034718083000000004,0.000451983,
42,Umbra-Default,0.0520403,0.0156479,
43,Umbra-Default,0.064921,0.0317808,
44,Umbra-Default,0.0433438,0.011645,
45,Umbra-Default,0.03513563,0.00128463,
46,Umbra-Default,0.04285912,0.00581092,
47,Umbra-Default,0.1782589,0.139374,
48,Umbra-Default,0.042394049999999996,0.00127375,
49,Umbra-Default,0.0871125,0.0479545,
50,Umbra-Default,0.04070566,0.00200316,
51,Umbra-Default,0.2690219,0.231431,
52,Umbra-Default,0.6646493,0.625761,
53,Umbra-Default,0.04762155,0.00567665,
54,Umbra-Default,0.041484981,0.000993781,
55,Umbra-Default,0.03912898,0.00125038,
56,Umbra-Default,0.0784707,0.0406113,
57,Umbra-Default,0.04078275,0.00126935,
58,Umbra-Default,58.902085099999994,58.858,
59,Umbra-Default,0.2383403,0.187167,
60,Umbra-Default,0.0838575,0.0354643,
61,Umbra-Default,0.05214793,0.00656823,
62,Umbra-Default,0.04949466,0.00208146,
63,Umbra-Default,0.04720571,0.00205801,
64,Umbra-Default,0.05221382,0.00624772,
65,Umbra-Default,0.04654103,0.00220973,
66,Umbra-Default,0.05320997,0.00580137,
67,Umbra-Default,0.04536619,0.00147819,
68,Umbra-Default,2.2893817000000003,2.24582,
69,Umbra-Default,0.3199049,0.272356,
70,Umbra-Default,0.2643298,0.213846,
71,Umbra-Default,0.1933262,0.144532,
72,Umbra-Default,0.055737909999999995,0.00671081,
73,Umbra-Default,0.052019140000000005,0.00644804,
74,Umbra-Default,0.1698281,0.126332,
75,Umbra-Default,0.0764908,0.0309344,
76,Umbra-Default,0.0564283,0.0111413,
77,Umbra-Default,0.0683458,0.0245631,
78,Umbra-Default,0.051979069999999995,0.00376397,
79,Umbra-Default,0.0629172,0.0144672,
80,Umbra-Default,0.0368141,0.0115617,
81,Umbra-Default,0.03351718,0.00567138,
82,Umbra-Default,0.0388327,0.0171479,
83,Umbra-Default,0.0444673,0.0218198,
84,Umbra-Default,0.0551303,0.0299458,
85,Umbra-Default,0.0552795,0.0302595,
86,Umbra-Default,0.0428181,0.0113994,
87,Umbra-Default,0.034428299999999995,0.0100261,
88,Umbra-Default,0.07733419999999999,0.0517162,
89,Umbra-Default,0.037409,0.0119433,
90,Umbra-Default,0.030764439999999997,0.00571784,
91,Umbra-Default,0.0521035,0.0251363,
92,Umbra-Default,0.03298366,0.00522946,
93,Umbra-Default,0.0347862,0.0083663,
94,Umbra-Default,0.03434394,0.00524114,
95,Umbra-Default,0.077995,0.0444365,
96,Umbra-Default,0.061304399999999995,0.030898,
97,Umbra-Default,0.1884822,0.154462,
98,Umbra-Default,0.137153,0.103475,
99,Umbra-Default,0.04360029,0.00909429,
100,Umbra-Default,0.044821099999999996,0.0105966,
101,Umbra-Default,0.050243300000000005,0.0171839,
102,Umbra-Default,0.058409600000000006,0.0270198,
103,Umbra-Default,0.0455806,0.0144806,
104,Umbra-Default,0.0691108,0.0397925,
105,Umbra-Default,0.5157646,0.484802,
106,Umbra-Default,0.0862569,0.0509011,
107,Umbra-Default,1.8453367,1.81087,
108,Umbra-Default,2.0551428,2.01881,
109,Umbra-Default,0.050169790000000006,0.00753779,
110,Umbra-Default,0.04781831,0.00878961,
111,Umbra-Default,0.0541259,0.0116509,
112,Umbra-Default,0.0485462,0.0103816,
113,Umbra-Default,0.1583001,0.128047,
114,Umbra-Default,0.11680099999999999,0.0852969,
115,Umbra-Default,0.2225051,0.191058,
116,Umbra-Default,0.040515340000000004,0.00594294,
117,Umbra-Default,0.040891010000000005,0.00913391,
118,Umbra-Default,0.0435856,0.0115805,
119,Umbra-Default,0.0419037,0.0134615,
120,Umbra-Default,38.409600000000005,38.3798,
121,Umbra-Default,0.04596543,0.00851663,
122,Umbra-Default,37.1544028,37.1234,
123,Umbra-Default,0.42751189999999994,0.392568,
124,Umbra-Default,0.06653110000000001,0.0320738,
125,Umbra-Default,0.03316,0.0036271,
126,Umbra-Default,6.2143941,6.18359,
127,Umbra-Default,0.047533969999999995,0.00534837,
128,Umbra-Default,0.04533162,0.00608132,
129,Umbra-Default,0.04699243,0.00735373,
130,Umbra-Default,0.04389043,0.00280303,
131,Umbra-Default,0.04753726,0.00937636,
132,Umbra-Default,0.04068616,0.00425486,
133,Umbra-Default,0.0773985,0.0404234,
134,Umbra-Default,0.04778806,0.00777996,
135,Umbra-Default,7.487501099999999,7.44776,
136,Umbra-Default,1.0725209,1.03064,
137,Umbra-Default,0.05038724,0.00433424,
138,Umbra-Default,0.0788685,0.0402361,
139,Umbra-Default,0.0631838,0.0177983,
140,Umbra-Default,0.35253,0.301973,
141,Umbra-Default,0.7302194,0.677786,
142,Umbra-Default,0.6896783,0.635552,
143,Umbra-Default,0.4483875,0.392253,
144,Umbra-Default,0.12414539999999999,0.0769474,
145,Umbra-Default,0.05316369,0.00595109,
146,Umbra-Default,0.05381038,0.00982368,
1,Umbra-L&E,0.07006581,0.00123631,
2,Umbra-L&E,0.026794699999999998,0.0106602,
3,Umbra-L&E,0.01942422,0.00340262,
4,Umbra-L&E,0.01985149,0.00404319,
5,Umbra-L&E,0.02331065,0.00756335,
6,Umbra-L&E,0.01802004,0.00188324,
7,Umbra-L&E,0.02612254,0.00252094,
8,Umbra-L&E,0.025492829999999998,0.00194113,
9,Umbra-L&E,0.03052054,0.00699014,
10,Umbra-L&E,0.027139040000000003,0.00297624,
11,Umbra-L&E,0.025453430000000003,0.00203023,
12,Umbra-L&E,0.02739399,0.00332789,
13,Umbra-L&E,0.02472211,0.00150941,
14,Umbra-L&E,0.024035542,0.000572942,
15,Umbra-L&E,0.0360465,0.0123457,
16,Umbra-L&E,0.025780059999999997,0.00257656,
17,Umbra-L&E,0.024448739,0.000625639,
18,Umbra-L&E,0.02456075,0.00119565,
19,Umbra-L&E,0.024655167999999998,0.000622768,
20,Umbra-L&E,0.02746378,0.00387878,
21,Umbra-L&E,0.025786189999999997,0.00140609,
22,Umbra-L&E,0.027944069999999998,0.00355117,
23,Umbra-L&E,0.025156559999999998,0.00126856,
24,Umbra-L&E,0.024537015,0.000653015,
25,Umbra-L&E,0.03367588,0.00216018,
26,Umbra-L&E,0.033702424,0.000863924,
27,Umbra-L&E,0.03266394,0.00106444,
28,Umbra-L&E,0.055475300000000005,0.0216399,
29,Umbra-L&E,0.035184129999999994,0.00302813,
30,Umbra-L&E,0.2268714,0.194882,
31,Umbra-L&E,0.03964384,0.00786984,
32,Umbra-L&E,0.0520348,0.0201837,
33,Umbra-L&E,0.03307456,0.00119176,
34,Umbra-L&E,0.4356831,0.403435,
35,Umbra-L&E,0.03532296,0.00392326,
36,Umbra-L&E,0.032424749999999995,0.00101485,
37,Umbra-L&E,0.03748003,0.00507353,
38,Umbra-L&E,0.11063429999999999,0.0784642,
39,Umbra-L&E,0.03526316,0.00437196,
40,Umbra-L&E,0.033413732,0.000817032,
41,Umbra-L&E,0.032003179,0.000371279,
42,Umbra-L&E,0.0390775,0.0071332,
43,Umbra-L&E,0.04053645,0.00910835,
44,Umbra-L&E,0.03637433,0.00409223,
45,Umbra-L&E,0.033754224,0.000939324,
46,Umbra-L&E,0.04274766,0.00214386,
47,Umbra-L&E,0.0926256,0.0524478,
48,Umbra-L&E,0.040147964,0.000878064,
49,Umbra-L&E,0.0551026,0.0155263,
50,Umbra-L&E,0.040945959999999997,0.00104286,
51,Umbra-L&E,0.11153060000000001,0.0717449,
52,Umbra-L&E,0.1972041,0.156858,
53,Umbra-L&E,0.041926160000000004,0.00231266,
54,Umbra-L&E,0.040368048000000004,0.000578448,
55,Umbra-L&E,0.041443508999999996,0.000799809,
56,Umbra-L&E,0.0539805,0.0146425,
57,Umbra-L&E,0.040302383,0.000904783,
58,Umbra-L&E,8.820403899999999,8.77075,
59,Umbra-L&E,0.1244839,0.0744107,
60,Umbra-L&E,0.06063,0.0120994,
61,Umbra-L&E,0.05285748,0.00249618,
62,Umbra-L&E,0.04931534,0.00145534,
63,Umbra-L&E,0.049784,0.001092,
64,Umbra-L&E,0.05216369,0.00264419,
65,Umbra-L&E,0.0503485,0.0014413,
66,Umbra-L&E,0.052575550000000006,0.00371835,
67,Umbra-L&E,0.0503018,0.0010257,
68,Umbra-L&E,0.9470010999999999,0.897195,
69,Umbra-L&E,0.1310952,0.0811711,
70,Umbra-L&E,0.124026,0.0739341,
71,Umbra-L&E,0.1027334,0.0532391,
72,Umbra-L&E,0.05217729,0.00253419,
73,Umbra-L&E,0.051850759999999996,0.00246216,
74,Umbra-L&E,0.0952591,0.0479961,
75,Umbra-L&E,0.0642328,0.0149312,
76,Umbra-L&E,0.0550845,0.0056287,
77,Umbra-L&E,0.0594585,0.0103492,
78,Umbra-L&E,0.05074761,0.00175951,
79,Umbra-L&E,0.0562184,0.0071465,
80,Umbra-L&E,0.02877382,0.00436182,
81,Umbra-L&E,0.02649903,0.00263783,
82,Umbra-L&E,0.0300821,0.0047337,
83,Umbra-L&E,0.02986051,0.00550921,
84,Umbra-L&E,0.034675700000000004,0.0111978,
85,Umbra-L&E,0.0347682,0.0109401,
86,Umbra-L&E,0.037283830000000004,0.00583113,
87,Umbra-L&E,0.027136519999999997,0.00331562,
88,Umbra-L&E,0.035952200000000004,0.0124156,
89,Umbra-L&E,0.027770310000000003,0.00418121,
90,Umbra-L&E,0.02691498,0.00255998,
91,Umbra-L&E,0.03212535,0.00707905,
92,Umbra-L&E,0.02613893,0.00233773,
93,Umbra-L&E,0.02708118,0.00307448,
94,Umbra-L&E,0.02581547,0.00223827,
95,Umbra-L&E,0.0486039,0.016512,
96,Umbra-L&E,0.0436724,0.0118566,
97,Umbra-L&E,0.0787373,0.047191,
98,Umbra-L&E,0.0627851,0.0309159,
99,Umbra-L&E,0.03559549,0.00311849,
100,Umbra-L&E,0.03637641,0.00462091,
101,Umbra-L&E,0.039869,0.0079564,
102,Umbra-L&E,0.04001593,0.00773033,
103,Umbra-L&E,0.036947680000000004,0.00497278,
104,Umbra-L&E,0.043445,0.0116677,
105,Umbra-L&E,0.16331210000000002,0.131221,
106,Umbra-L&E,0.034652089999999997,0.00266689,
107,Umbra-L&E,0.4689651,0.436801,
108,Umbra-L&E,0.5146197,0.482539,
109,Umbra-L&E,0.044104590000000006,0.00329639,
110,Umbra-L&E,0.04458137,0.00362007,
111,Umbra-L&E,0.04516234,0.00464614,
112,Umbra-L&E,0.04433712,0.00430792,
113,Umbra-L&E,0.052371299999999996,0.0207903,
114,Umbra-L&E,0.051993300000000006,0.0203299,
115,Umbra-L&E,0.076306,0.0442364,
116,Umbra-L&E,0.03416566,0.00208116,
117,Umbra-L&E,0.03551366,0.00415716,
118,Umbra-L&E,0.038323550000000005,0.00652085,
119,Umbra-L&E,0.03573602,0.00412242,
120,Umbra-L&E,8.1777978,8.14583,
121,Umbra-L&E,0.03507014,0.00303084,
122,Umbra-L&E,8.5458407,8.51286,
123,Umbra-L&E,0.1541536,0.122532,
124,Umbra-L&E,0.039557110000000006,0.00802491,
125,Umbra-L&E,0.03338697,0.00147097,
126,Umbra-L&E,2.194616,2.16212,
127,Umbra-L&E,0.042796049999999995,0.00213375,
128,Umbra-L&E,0.042918529999999996,0.00219733,
129,Umbra-L&E,0.043621030000000005,0.00320063,
130,Umbra-L&E,0.04223744,0.00142234,
131,Umbra-L&E,0.04391382,0.00366812,
132,Umbra-L&E,0.042434070000000004,0.00193287,
133,Umbra-L&E,0.053590700000000005,0.0134997,
134,Umbra-L&E,0.043908920000000004,0.00320712,
135,Umbra-L&E,1.9106094,1.86888,
136,Umbra-L&E,0.2162994,0.175714,
137,Umbra-L&E,0.04117508,0.00186758,
138,Umbra-L&E,0.054817399999999995,0.0145591,
139,Umbra-L&E,0.05491036,0.00601246,
140,Umbra-L&E,0.1674456,0.100899,
141,Umbra-L&E,0.31959930000000003,0.253697,
142,Umbra-L&E,0.32270370000000004,0.257315,
143,Umbra-L&E,0.20266660000000003,0.135835,
144,Umbra-L&E,0.0794458,0.0301128,
145,Umbra-L&E,0.05334643,0.00272163,
146,Umbra-L&E,0.05458361,0.00454371,
1,Umbra-Interpreted,0.008099603,0.00711167,
2,Umbra-Interpreted,0.278466589,0.277613,
3,Umbra-Interpreted,0.049828437,0.0489684,
4,Umbra-Interpreted,0.053443902,0.0527623,
5,Umbra-Interpreted,0.19755313700000002,0.196892,
6,Umbra-Interpreted,0.01982644,0.0188094,
7,Umbra-Interpreted,0.028635643,0.0276357,
8,Umbra-Interpreted,0.02156795,0.020605,
9,Umbra-Interpreted,0.04759808,0.0465648,
10,Umbra-Interpreted,0.02930216,0.0281959,
11,Umbra-Interpreted,0.020407639999999998,0.0189412,
12,Umbra-Interpreted,0.044134757000000004,0.0431749,
13,Umbra-Interpreted,0.01564374,0.0143982,
14,Umbra-Interpreted,0.002053688,0.000876248,
15,Umbra-Interpreted,0.27670227,0.275396,
16,Umbra-Interpreted,0.01937689,0.018093,
17,Umbra-Interpreted,0.00485139,0.00326597,
18,Umbra-Interpreted,0.00668394,0.00578645,
19,Umbra-Interpreted,0.003455606,0.00257807,
20,Umbra-Interpreted,0.027406419999999997,0.0261677,
21,Umbra-Interpreted,0.007032472,0.00610388,
22,Umbra-Interpreted,0.069949565,0.0690292,
23,Umbra-Interpreted,0.00889914,0.00782101,
24,Umbra-Interpreted,0.0026816599999999998,0.00158359,
25,Umbra-Interpreted,0.013301450000000001,0.0117362,
26,Umbra-Interpreted,0.00514582,0.00387858,
27,Umbra-Interpreted,0.00389487,0.00283842,
28,Umbra-Interpreted,0.44958146000000004,0.448516,
29,Umbra-Interpreted,0.02910565,0.0279064,
30,Umbra-Interpreted,4.86345164,4.86231,
31,Umbra-Interpreted,0.17565742,0.174103,
32,Umbra-Interpreted,0.48392261999999997,0.482537,
33,Umbra-Interpreted,0.01062157,0.00911848,
34,Umbra-Interpreted,12.3371972,12.336,
35,Umbra-Interpreted,0.08548883,0.0840868,
36,Umbra-Interpreted,0.00519523,0.00378364,
37,Umbra-Interpreted,0.05814413,0.0567893,
38,Umbra-Interpreted,2.3931487700000003,2.39177,
39,Umbra-Interpreted,0.24261006,0.240749,
40,Umbra-Interpreted,0.00669202,0.00538257,
41,Umbra-Interpreted,0.0024402,0.00100508,
42,Umbra-Interpreted,0.05319513,0.0520593,
43,Umbra-Interpreted,0.21754027,0.216306,
44,Umbra-Interpreted,0.06894027999999999,0.0673288,
45,Umbra-Interpreted,0.00262656,0.00155435,
46,Umbra-Interpreted,0.02538363,0.0229474,
47,Umbra-Interpreted,1.3625233700000001,1.36104,
48,Umbra-Interpreted,0.0075562,0.00592159,
49,Umbra-Interpreted,0.42571996,0.423724,
50,Umbra-Interpreted,0.0048601700000000005,0.00289517,
51,Umbra-Interpreted,2.07738005,2.07512,
52,Umbra-Interpreted,6.04247031,6.04073,
53,Umbra-Interpreted,0.03217813,0.0306637,
54,Umbra-Interpreted,0.00270676,0.00135089,
55,Umbra-Interpreted,0.009897069999999999,0.00824548,
56,Umbra-Interpreted,0.37063559,0.369137,
57,Umbra-Interpreted,0.00391918,0.00190693,
59,Umbra-Interpreted,1.96422849,1.96242,
60,Umbra-Interpreted,0.33578757,0.333675,
61,Umbra-Interpreted,0.036497009999999996,0.0340587,
62,Umbra-Interpreted,0.007561429999999999,0.00579372,
63,Umbra-Interpreted,0.00421507,0.00229364,
64,Umbra-Interpreted,0.02970858,0.0275439,
65,Umbra-Interpreted,0.0066321,0.0047826,
66,Umbra-Interpreted,0.02228523,0.0205462,
67,Umbra-Interpreted,0.00468873,0.00219357,
68,Umbra-Interpreted,24.15809631,24.1564,
69,Umbra-Interpreted,2.64828624,2.64659,
70,Umbra-Interpreted,1.76044435,1.75871,
71,Umbra-Interpreted,1.36811854,1.36633,
72,Umbra-Interpreted,0.047091140000000004,0.0451695,
73,Umbra-Interpreted,0.04825086,0.046725,
74,Umbra-Interpreted,1.07676627,1.07515,
75,Umbra-Interpreted,0.19229437,0.189799,
76,Umbra-Interpreted,0.038257,0.0362779,
77,Umbra-Interpreted,0.18587832999999998,0.183462,
78,Umbra-Interpreted,0.01645184,0.0144167,
79,Umbra-Interpreted,0.10560939,0.103852,
80,Umbra-Interpreted,0.05282094,0.0517409,
81,Umbra-Interpreted,0.02550434,0.0243814,
82,Umbra-Interpreted,0.07428132,0.0731803,
83,Umbra-Interpreted,0.09172348000000001,0.0906653,
84,Umbra-Interpreted,0.28008489,0.278981,
85,Umbra-Interpreted,0.27989632000000003,0.278766,
86,Umbra-Interpreted,0.029776,0.0281471,
87,Umbra-Interpreted,0.03654553,0.0354535,
88,Umbra-Interpreted,0.28074481,0.279796,
89,Umbra-Interpreted,0.054102479999999994,0.0528291,
90,Umbra-Interpreted,0.02996936,0.0287114,
91,Umbra-Interpreted,0.12698356,0.125741,
92,Umbra-Interpreted,0.016604464,0.0156548,
93,Umbra-Interpreted,0.061466065,0.060488,
94,Umbra-Interpreted,0.03356262,0.0325023,
95,Umbra-Interpreted,0.20355927,0.20218,
96,Umbra-Interpreted,0.11308955,0.11195,
97,Umbra-Interpreted,1.3507159199999998,1.3495,
98,Umbra-Interpreted,1.08293713,1.08165,
99,Umbra-Interpreted,0.054138479999999996,0.052598,
100,Umbra-Interpreted,0.02878186,0.027525,
101,Umbra-Interpreted,0.04547048,0.0442195,
102,Umbra-Interpreted,0.098659768,0.0977368,
103,Umbra-Interpreted,0.10910456,0.107867,
104,Umbra-Interpreted,0.29590697,0.294664,
105,Umbra-Interpreted,4.12704543,4.12544,
106,Umbra-Interpreted,0.34978576,0.34835,
107,Umbra-Interpreted,11.68266011,11.6813,
108,Umbra-Interpreted,12.886773980000001,12.8854,
109,Umbra-Interpreted,0.03922696,0.0371269,
110,Umbra-Interpreted,0.043935579999999995,0.0418321,
111,Umbra-Interpreted,0.06840837999999999,0.0669269,
112,Umbra-Interpreted,0.06311937,0.0612048,
113,Umbra-Interpreted,0.95093262,0.949639,
114,Umbra-Interpreted,0.59997297,0.598634,
115,Umbra-Interpreted,1.55155845,1.5504,
116,Umbra-Interpreted,0.03743172,0.0360293,
117,Umbra-Interpreted,0.028259799999999998,0.027024,
118,Umbra-Interpreted,0.04073008,0.0395794,
119,Umbra-Interpreted,0.07933613,0.0783255,
121,Umbra-Interpreted,0.04225645,0.0409027,
123,Umbra-Interpreted,4.03565812,4.0342,
124,Umbra-Interpreted,0.2747387,0.272479,
125,Umbra-Interpreted,0.011891889999999999,0.0101993,
126,Umbra-Interpreted,83.04439835,83.0432,
127,Umbra-Interpreted,0.02388773,0.022303,
128,Umbra-Interpreted,0.027113309999999998,0.0248759,
129,Umbra-Interpreted,0.04132263,0.0394473,
130,Umbra-Interpreted,0.00856217,0.00711342,
131,Umbra-Interpreted,0.08556561,0.0840112,
132,Umbra-Interpreted,0.011600659999999999,0.0101105,
133,Umbra-Interpreted,0.37317833,0.371072,
134,Umbra-Interpreted,0.02886596,0.0270794,
135,Umbra-Interpreted,57.60315059,57.5991,
136,Umbra-Interpreted,10.73116355,10.7295,
137,Umbra-Interpreted,0.01813932,0.0153711,
138,Umbra-Interpreted,0.46620964,0.464941,
139,Umbra-Interpreted,0.14242502,0.139823,
140,Umbra-Interpreted,3.02133,3.01788,
141,Umbra-Interpreted,8.46845001,8.4666,
142,Umbra-Interpreted,7.00355348,7.00111,
143,Umbra-Interpreted,4.09861995,4.09621,
144,Umbra-Interpreted,0.68650967,0.684595,
145,Umbra-Interpreted,0.02381766,0.0216597,
146,Umbra-Interpreted,0.06371976,0.0612474,
1,Umbra-Chained,0.013171200000000001,0.0015633,
2,Umbra-Chained,0.0451379,0.033521,
3,Umbra-Chained,0.01770145,0.00622075,
4,Umbra-Chained,0.01907164,0.00735644,
5,Umbra-Chained,0.0345738,0.0230336,
6,Umbra-Chained,0.01523068,0.00348788,
7,Umbra-Chained,0.02041038,0.00403008,
8,Umbra-Chained,0.01945662,0.00310432,
9,Umbra-Chained,0.02645774,0.00976714,
10,Umbra-Chained,0.02069123,0.00387983,
11,Umbra-Chained,0.0199278,0.0031636,
12,Umbra-Chained,0.02290253,0.00569113,
13,Umbra-Chained,0.018625600000000003,0.0023039,
14,Umbra-Chained,0.017233569,0.000568069,
15,Umbra-Chained,0.0512977,0.0346646,
16,Umbra-Chained,0.01961899,0.00336219,
17,Umbra-Chained,0.017238992,0.000737892,
18,Umbra-Chained,0.01740127,0.00144537,
19,Umbra-Chained,0.017203242,0.000686742,
20,Umbra-Chained,0.02153752,0.00502132,
21,Umbra-Chained,0.018611939999999997,0.00194854,
22,Umbra-Chained,0.024183379999999997,0.00581198,
23,Umbra-Chained,0.01869977,0.00166157,
24,Umbra-Chained,0.017594884999999998,0.000590385,
25,Umbra-Chained,0.02495209,0.00258359,
26,Umbra-Chained,0.02255444,0.00120054,
27,Umbra-Chained,0.02185929,0.00104059,
28,Umbra-Chained,0.0863286,0.0661509,
29,Umbra-Chained,0.02604966,0.00501486,
30,Umbra-Chained,0.3766756,0.35641,
31,Umbra-Chained,0.0356148,0.0149352,
32,Umbra-Chained,0.0607776,0.0407521,
33,Umbra-Chained,0.022018060000000002,0.00132236,
34,Umbra-Chained,0.9068729,0.886688,
35,Umbra-Chained,0.02835047,0.00742387,
36,Umbra-Chained,0.02173848,0.00107848,
37,Umbra-Chained,0.026399360000000004,0.00620736,
38,Umbra-Chained,0.3172858,0.297023,
39,Umbra-Chained,0.049227599999999996,0.0295642,
40,Umbra-Chained,0.02190338,0.00114068,
41,Umbra-Chained,0.021403275,0.000392675,
42,Umbra-Chained,0.031056109999999998,0.00966031,
43,Umbra-Chained,0.0407804,0.0205177,
44,Umbra-Chained,0.02774245,0.00724085,
45,Umbra-Chained,0.021873177,0.000841577,
46,Umbra-Chained,0.03005079,0.00374089,
47,Umbra-Chained,0.1220321,0.0960638,
48,Umbra-Chained,0.02611472,0.00106772,
49,Umbra-Chained,0.0591803,0.0332943,
50,Umbra-Chained,0.02644356,0.00110106,
51,Umbra-Chained,0.1956669,0.171341,
52,Umbra-Chained,0.47661620000000005,0.452475,
53,Umbra-Chained,0.02972752,0.00350192,
54,Umbra-Chained,0.026409599,0.000549499,
55,Umbra-Chained,0.026856691999999998,0.000808192,
56,Umbra-Chained,0.051004499999999994,0.0259071,
57,Umbra-Chained,0.026434819000000002,0.000826019,
58,Umbra-Chained,49.9367156,49.9077,
59,Umbra-Chained,0.1706436,0.140958,
60,Umbra-Chained,0.0532227,0.0234523,
61,Umbra-Chained,0.03458262,0.00409632,
62,Umbra-Chained,0.03127949,0.00152709,
63,Umbra-Chained,0.03249823,0.00115143,
64,Umbra-Chained,0.03478371,0.00436151,
65,Umbra-Chained,0.03190413,0.00164813,
66,Umbra-Chained,0.03465487,0.00393887,
67,Umbra-Chained,0.031125048,0.000988848,
68,Umbra-Chained,1.8148258,1.7861,
69,Umbra-Chained,0.2310112,0.201702,
70,Umbra-Chained,0.1896654,0.159275,
71,Umbra-Chained,0.1310753,0.100633,
72,Umbra-Chained,0.03430191,0.00442241,
73,Umbra-Chained,0.03460389,0.00416369,
74,Umbra-Chained,0.1175979,0.0888887,
75,Umbra-Chained,0.0501713,0.0211103,
76,Umbra-Chained,0.03841899,0.00704029,
77,Umbra-Chained,0.0461337,0.0160939,
78,Umbra-Chained,0.03362353,0.00220743,
79,Umbra-Chained,0.039116910000000005,0.00957641,
80,Umbra-Chained,0.024150030000000003,0.00764013,
81,Umbra-Chained,0.019715950000000003,0.00334285,
82,Umbra-Chained,0.027104999999999997,0.0117457,
83,Umbra-Chained,0.028753300000000002,0.0137152,
84,Umbra-Chained,0.0365955,0.0205006,
85,Umbra-Chained,0.0363927,0.0200909,
86,Umbra-Chained,0.028324000000000002,0.0070616,
87,Umbra-Chained,0.02296297,0.00627307,
88,Umbra-Chained,0.051467399999999996,0.0348855,
89,Umbra-Chained,0.02351903,0.00720333,
90,Umbra-Chained,0.01974558,0.00379118,
91,Umbra-Chained,0.0338187,0.0171472,
92,Umbra-Chained,0.0197672,0.0030837,
93,Umbra-Chained,0.02172639,0.00529369,
94,Umbra-Chained,0.02022059,0.00354159,
95,Umbra-Chained,0.0532747,0.033195,
96,Umbra-Chained,0.0414838,0.0212422,
97,Umbra-Chained,0.1253058,0.10475,
98,Umbra-Chained,0.0926357,0.0723013,
99,Umbra-Chained,0.0260942,0.0056369,
100,Umbra-Chained,0.02780272,0.00646942,
101,Umbra-Chained,0.0334595,0.0121201,
102,Umbra-Chained,0.038756200000000005,0.0184021,
103,Umbra-Chained,0.03022485,0.00949355,
104,Umbra-Chained,0.046190300000000004,0.0264566,
105,Umbra-Chained,0.3751139,0.355519,
106,Umbra-Chained,0.053458599999999995,0.0340718,
107,Umbra-Chained,1.5421076,1.51992,
108,Umbra-Chained,1.7055124000000002,1.68422,
109,Umbra-Chained,0.03054962,0.00491602,
110,Umbra-Chained,0.03255697,0.00523227,
111,Umbra-Chained,0.0328685,0.0072169,
112,Umbra-Chained,0.0316568,0.0064779,
113,Umbra-Chained,0.1054349,0.0853461,
114,Umbra-Chained,0.0756632,0.0562796,
115,Umbra-Chained,0.14842470000000002,0.128087,
116,Umbra-Chained,0.02526217,0.00340337,
117,Umbra-Chained,0.02710367,0.00563897,
118,Umbra-Chained,0.03103052,0.00774742,
119,Umbra-Chained,0.03004221,0.00844991,
120,Umbra-Chained,32.6371837,32.6177,
121,Umbra-Chained,0.02612759,0.00498439,
122,Umbra-Chained,31.6661635,31.6462,
123,Umbra-Chained,0.2916744,0.270448,
124,Umbra-Chained,0.0437733,0.0234812,
125,Umbra-Chained,0.0227655,0.0024516,
126,Umbra-Chained,4.7866662,4.76593,
127,Umbra-Chained,0.029102819999999998,0.00308582,
128,Umbra-Chained,0.03063838,0.00367938,
129,Umbra-Chained,0.0326096,0.0047532,
130,Umbra-Chained,0.027843569999999998,0.00173967,
131,Umbra-Chained,0.03126316,0.00639546,
132,Umbra-Chained,0.02936975,0.00289785,
133,Umbra-Chained,0.0541069,0.0275966,
134,Umbra-Chained,0.03238404,0.00530664,
135,Umbra-Chained,6.2786304,6.25285,
136,Umbra-Chained,0.8069436,0.783343,
137,Umbra-Chained,0.03014605,0.00274845,
138,Umbra-Chained,0.0515401,0.025654,
139,Umbra-Chained,0.0436054,0.0115356,
140,Umbra-Chained,0.25703180000000003,0.220342,
141,Umbra-Chained,0.5728314,0.537751,
142,Umbra-Chained,0.540757,0.505082,
143,Umbra-Chained,0.34449379999999996,0.308264,
144,Umbra-Chained,0.0819872,0.053334,
145,Umbra-Chained,0.0342071,0.0034514,
146,Umbra-Chained,0.037848799999999995,0.0064611,
